,depth_fre/game_iter_10,depth_fre/game_iter_100,resource/depth_ratio,resource/width,loss,Win_Rate/Evaluate,depth_fre/game_iter_20,_step,Win_Rate/self_play,resource/width_resource_usage,resource/depth,_runtime,entropy,resource/total_resource_usage,depth_fre/game_iter_31,resource/remain_resource,_timestamp,resource/remain_resource_ratio,resource/depth_resource_usage,depth_fre/game_iter_1,resource/width_ratio,depth_fre/game_iter_50
0,,,,,,,,5269.0,,,,10.690219603,,,,,1736275788.2755225,,,3.0,,
1,,,,,,,,18984.0,,,,32.856544014,,,,,1736275810.441829,,,3.0,,
2,,,,,,,,24995.0,,,,44.23281989,,,,,1736275821.8181353,,,2.0,,
3,,,,,,,,40873.0,,,,74.003311837,,,,,1736275851.588605,,,3.0,,
4,,,,,,,,42371.0,,,,76.61006338,,,,,1736275854.1953793,,,3.0,,
5,,,,,,,,81313.0,,,,161.934705288,,,,,1736275939.5199964,,,6.0,,
6,,,,,,,,90758.0,,,,179.054132813,,,,,1736275956.6394238,,,3.0,,
7,,,,,,,,94577.0,,,,187.001071161,,,,,1736275964.5863836,,,2.0,,
8,,,,,,,,97919.0,,,,192.115946564,,,,,1736275969.7012563,,,3.0,,
9,,,,,,,,104311.0,,,,203.051849727,,,,,1736275980.6371615,,,2.0,,
10,,,,,,,,112424.0,,,,216.382508218,,,,,1736275993.96782,,,3.0,,
11,,,,,,,,113581.0,,,,218.463651697,,,,,1736275996.0489087,,,3.0,,
12,,,,,,,,117869.0,,,,226.573227085,,,,,1736276004.158505,,,4.0,,
13,,,,,,,,151036.0,,,,305.829204469,,,,,1736276083.4144764,,,3.0,,
14,,,,,,,,156226.0,,,,315.785341048,,,,,1736276093.2897232,,,3.0,,
15,,,,,,,,173387.0,,,,347.38896317,,,,,1736276124.9742725,,,5.0,,
16,,,,,,,,182335.0,,,,362.85571585,,,,,1736276140.4409943,,,3.0,,
17,,,,,,,,195193.0,,,,385.12567908,,,,,1736276162.7109919,,,4.0,,
18,,,,,,,,199695.0,,,,392.018491722,,,,,1736276169.6038015,,,3.0,,
19,,,,,,,,212460.0,,,,414.137226455,,,,,1736276191.7225368,,,3.0,,
20,,,,,,,,216688.0,,,,422.275841597,,,,,1736276199.8611522,,,3.0,,
21,,,,,,,,226755.0,,,,438.216355836,,,,,1736276215.8016584,,,3.0,,
22,,,,,,,,227186.0,,,,438.95232067,,,,,1736276216.537634,,,3.0,,
23,,,,,,,,246009.0,,,,471.845876861,,,,,1736276249.4311788,,,3.0,,
24,,,,,,,,248899.0,,,,477.649428498,,,,,1736276255.2347403,,,4.0,,
25,,,,,,,,261004.0,,,,498.136743223,,,,,1736276275.7220554,,,3.0,,
26,,,,,,,,279785.0,,,,543.302922072,,,,,1736276309.5327618,,,2.0,,
27,,,,,,,,285213.0,,,,543.368457263,,,,,1736276319.2087896,,,2.0,,
28,,,,,,,,304135.0,,,,574.818103345,,,,,1736276352.4034162,,,5.0,,
29,,,,,,,,306661.0,,,,579.636356619,,,,,1736276357.2216697,,,3.0,,
30,,,,,,,,307885.0,,,,581.716426013,,,,,1736276359.3017395,,,3.0,,
31,,,,,,,,312854.0,,,,589.541574024,,,,,1736276367.126884,,,3.0,,
32,,,,,,,,313796.0,,,,591.077154836,,,,,1736276368.662431,,,3.0,,
33,,,,,,,,319127.0,,,,600.737131923,,,,,1736276378.2755446,,,3.0,,
34,,,,,,,,321169.0,,,,603.989761192,,,,,1736276381.5750732,,,3.0,,
35,,,,,,,,338422.0,,,,635.97968765,,,,,1736276413.5649836,,,2.0,,
36,,,,,,,,340224.0,,,,638.881458388,,,,,1736276416.466752,,,3.0,,
37,,,,,,,,360158.0,,,,680.375557932,,,,,1736276457.960823,,,4.0,,
38,,,,,,,,361580.0,,,,684.072476393,,,,,1736276461.6577864,,,5.0,,
39,,,,,,,,371503.0,,,,708.114908913,,,,,1736276485.7001944,,,3.0,,
40,,,,,,,,384467.0,,,,735.772151142,,,,,1736276513.1952784,,,3.0,,
41,,,,,,,,402090.0,,,,766.701859984,,,,,1736276544.2871716,,,5.0,,
42,,,,,,,,404482.0,,,,771.631897937,,,,,1736276549.2171702,,,6.0,,
43,,,,,,,,409593.0,,,,781.753111462,,,,,1736276559.3384194,,,3.0,,
44,,,,,,,,410227.0,,,,782.740517151,,,,,1736276560.3258271,,,3.0,,
45,,,,,,,,415582.0,,,,792.145011841,,,,,1736276569.730321,,,3.0,,
46,,,,,,,,416488.0,,,,793.659497937,,,,,1736276571.2448075,,,3.0,,
47,,,,,,,,422349.0,,,,805.379505513,,,,,1736276582.9648154,,,5.0,,
48,,,,,,,,423627.0,,,,807.401165837,,,,,1736276584.9864697,,,4.0,,
49,,,,,,,,424539.0,,,,809.398790343,,,,,1736276586.9840662,,,3.0,,
50,,,,,,,,425723.0,,,,811.081605046,,,,,1736276588.6669104,,,3.0,,
51,,,,,,,,431941.0,,,,821.702059185,,,,,1736276599.2873588,,,3.0,,
52,,,,,,,,434289.0,,,,825.962508562,,,,,1736276603.5478208,,,3.0,,
53,,,,,,,,449941.0,,,,855.116434616,,,,,1736276632.7017336,,,3.0,,
54,,,,,,,,455328.0,,,,864.958563305,,,,,1736276642.5438695,,,3.0,,
55,,,,,,,,458270.0,,,,869.952835649,,,,,1736276647.5381088,,,3.0,,
56,,,,,,,,477274.0,,,,904.374599646,,,,,1736276681.9599059,,,3.0,,
57,,,,,,,,480714.0,,,,910.50522427,,,,,1736276688.0905247,,,3.0,,
58,,,,,,,,481203.0,,,,911.326603786,,,,,1736276688.9118845,,,3.0,,
59,,,,,,,,488204.0,,,,924.098418387,,,,,1736276701.683733,,,3.0,,
60,,,,,,,,492456.0,,,,931.533314021,,,,,1736276709.1186206,,,3.0,,
61,,,,,,,,514418.0,,,,988.58972821,,,,,1736276766.1749892,,,3.0,,
62,,,,,,,,514683.0,,,,989.523719933,,,,,1736276767.1089845,,,3.0,,
63,,,,,,,,525726.0,,,,1029.313340684,,,,,1736276806.8986237,,,3.0,,
64,,,,,,,,526982.0,,,,1034.057104363,,,,,1736276811.6423597,,,3.0,,
65,,,,,,,,530791.0,,,,1048.174372879,,,,,1736276825.7596653,,,3.0,,
66,,,,,,,,532815.0,,,,1055.68068712,,,,,1736276833.2659647,,,3.0,,
67,,,,,,,,559783.0,,,,1138.282634802,,,,,1736276915.8679137,,,3.0,,
68,,,,,,,,570374.0,,,,1159.05365684,,,,,1736276936.63895,,,3.0,,
69,,,,,,,,576169.0,,,,1168.585318626,,,,,1736276946.1706202,,,3.0,,
70,,,,,,,,582467.0,,,,1179.012375211,,,,,1736276956.5976899,,,2.0,,
71,,,,,,,,592079.0,,,,1196.832587329,,,,,1736276974.4178984,,,4.0,,
72,,,,,,,,600453.0,,,,1211.242959175,,,,,1736276988.828269,,,3.0,,
73,,,,,,,,626564.0,,,,1258.939883599,,,,,1736277036.5251937,,,3.0,,
74,,,,,,,,631036.0,,,,1267.336930199,,,,,1736277044.9222312,,,3.0,,
75,,,,,,,,637191.0,,,,1277.34488916,,,,,1736277054.930183,,,3.0,,
76,,,,,,,,655487.0,,,,1307.52904898,,,,,1736277085.1143591,,,3.0,,
77,,,,,,,,678841.0,,,,1349.267008474,,,,,1736277126.8522854,,,3.0,,
78,,,,,,,,683086.0,,,,1355.380569651,,,,,1736277132.9658754,,,3.0,,
79,,,,,,,,688733.0,,,,1364.406957852,,,,,1736277141.9922745,,,3.0,,
80,,,,,,,,694557.0,,,,1373.96148719,,,,,1736277151.5467896,,,3.0,,
81,,,,,,,,704288.0,,,,1390.649567735,,,,,1736277168.2348244,,,3.0,,
82,,,,,,,,709717.0,,,,1401.195740062,,,,,1736277178.781047,,,2.0,,
83,,,,,,,,713265.0,,,,1408.459389896,,,,,1736277186.0447018,,,3.0,,
84,,,,,,,,728645.0,,,,1436.624729676,,,,,1736277214.2100384,,,3.0,,
85,,,,,,,,728695.0,,,,1436.709359486,,,,,1736277214.294672,,,3.0,,
86,,,,,,,,747877.0,,,,1471.52620451,,,,,1736277249.1114762,,,2.0,,
87,,,,,,,,751703.0,,,,1477.464705711,,,,,1736277255.049986,,,3.0,,
88,,,,,,,,764746.0,,,,1501.822641583,,,,,1736277279.407904,,,5.0,,
89,,,,,,,,767210.0,,,,1507.868531261,,,,,1736277285.4538276,,,4.0,,
90,,,,,,,,770560.0,,,,1513.334178981,,,,,1736277290.9194825,,,3.0,,
91,,,,,,,,786367.0,,,,1544.398033816,,,,,1736277321.9833167,,,3.0,,
92,,,,,,,,791729.0,,,,1554.397468452,,,,,1736277331.9827778,,,2.0,,
93,,,,,,,,818931.0,,,,1611.35503695,,,,,1736277388.940325,,,5.0,,
94,,,,,,,,836246.0,,,,1642.145595832,,,,,1736277419.7309015,,,3.0,,
95,,,,,,,,837560.0,,,,1644.269703388,,,,,1736277421.8549793,,,3.0,,
96,,,,,,,,848071.0,,,,1663.530213617,,,,,1736277441.1154861,,,5.0,,
97,,,,,,,,857512.0,,,,1680.015026873,,,,,1736277457.6003373,,,3.0,,
98,,,,,,,,870025.0,,,,1703.872222653,,,,,1736277481.457497,,,3.0,,
99,,,,,,,,906734.0,,,,1766.636716194,,,,,1736277544.2219925,,,3.0,,
100,,,,,,,,919275.0,,,,1788.443564287,,,,,1736277566.0288775,,,2.0,,
101,,,,,,,,923267.0,,,,1795.18325441,,,,,1736277572.7685041,,,3.0,,
102,,,,,,,,927821.0,,,,1805.453133755,,,,,1736277583.038443,,,3.0,,
103,,,,,,,,955179.0,,,,1856.437252764,,,,,1736277634.0225203,,,3.0,,
104,,,,,,,,971897.0,,,,1885.574689596,,,,,1736277663.1599834,,,3.0,,
105,,,,,,,,990341.0,,,,1918.819251266,,,,,1736277696.4045656,,,3.0,,
106,,,,,,,,1007974.0,,,,1948.904661584,,,,,1736277726.489972,,,3.0,,
107,,,,,,,,1016371.0,,,,1965.181436301,,,,,1736277742.7667212,,,4.0,,
108,,,0.05411596609250804,1377.0,,,,1036136.0,,1102896.0,81.0,15418.910289761,,1165995.0,,405.0,1736291196.4955,0.00034722222222222224,63099.0,,0.9458831762716167,
109,3.0,,,,,,,1043808.0,,,,24049.789065847,,,,,1736299827.3743742,,,,,
110,2.0,,,,,,,1048294.0,,,,24057.242750379,,,,,1736299834.8280602,,,,,
111,4.0,,,,,,,1059312.0,,,,24075.066289289,,,,,1736299852.6515894,,,,,
112,3.0,,,,,,,1063457.0,,,,24081.859502204,,,,,1736299859.4448102,,,,,
113,3.0,,,,,,,1071971.0,,,,24095.610873884,,,,,1736299873.1961644,,,,,
114,3.0,,,,,,,1072571.0,,,,24096.614034189,,,,,1736299874.199351,,,,,
115,2.0,,,,,,,1081280.0,,,,24110.955620391,,,,,1736299888.5409226,,,,,
116,3.0,,,,,,,1094993.0,,,,24138.06299563,,,,,1736299915.648309,,,,,
117,3.0,,,,,,,1106954.0,,,,24160.109658373,,,,,1736299937.694953,,,,,
118,4.0,,,,,,,1126451.0,,,,24196.035564081,,,,,1736299973.6208687,,,,,
119,3.0,,,,,,,1129563.0,,,,24201.313680219,,,,,1736299978.8989713,,,,,
120,3.0,,,,,,,1129927.0,,,,24201.910023147,,,,,1736299979.495313,,,,,
121,3.0,,,,,,,1136523.0,,,,24213.748115386,,,,,1736299991.3333626,,,,,
122,3.0,,,,,,,1164381.0,,,,24268.131617623,,,,,1736300045.716925,,,,,
123,3.0,,,,,,,1166047.0,,,,24270.913774441,,,,,1736300048.499077,,,,,
124,1.0,,,,,,,1166097.0,,,,24270.995513554,,,,,1736300048.5808272,,,,,
125,3.0,,,,,,,1167508.0,,,,24273.359530689,,,,,1736300050.9448452,,,,,
126,3.0,,,,,,,1182940.0,,,,24306.084247547,,,,,1736300083.6695457,,,,,
127,4.0,,,,,,,1183383.0,,,,24306.815607979,,,,,1736300084.4009125,,,,,
128,4.0,,,,,,,1218909.0,,,,24371.913687397,,,,,1736300149.4989614,,,,,
129,4.0,,,,,,,1236261.0,,,,24402.79830903,,,,,1736300180.383599,,,,,
130,3.0,,,,,,,1259924.0,,,,24444.871305916,,,,,1736300222.456601,,,,,
131,3.0,,,,,,,1270120.0,,,,24464.01065612,,,,,1736300241.5959475,,,,,
132,2.0,,,,,,,1274333.0,,,,24470.780778915,,,,,1736300248.3660884,,,,,
133,3.0,,,,,,,1278911.0,,,,24478.454502954,,,,,1736300256.0398185,,,,,
134,3.0,,,,,,,1279540.0,,,,24479.501781833,,,,,1736300257.0870605,,,,,
135,4.0,,,,,,,1297814.0,,,,24512.560305126,,,,,1736300290.1455653,,,,,
136,3.0,,,,,,,1299009.0,,,,24516.467004002,,,,,1736300294.0522575,,,,,
137,4.0,,,,,,,1302383.0,,,,24522.929735766,,,,,1736300300.5150375,,,,,
138,4.0,,,,,,,1325356.0,,,,24563.420279258,,,,,1736300341.0055084,,,,,
139,2.0,,,,,,,1360709.0,,,,24669.788947614,,,,,1736300447.374259,,,,,
140,3.0,,,,,,,1367048.0,,,,24681.942923608,,,,,1736300459.5282347,,,,,
141,3.0,,,,,,,1380752.0,,,,24708.899724692,,,,,1736300486.4850085,,,,,
142,3.0,,,,,,,1388351.0,,,,24729.433034042,,,,,1736300507.0183418,,,,,
143,3.0,,,,,,,1398629.0,,,,24745.733174537,,,,,1736300523.318459,,,,,
144,3.0,,,,,,,1400413.0,,,,24749.653439567,,,,,1736300527.2387505,,,,,
145,3.0,,,,,,,1404146.0,,,,24756.762973343,,,,,1736300534.348283,,,,,
146,3.0,,,,,,,1416429.0,,,,24781.860778513,,,,,1736300559.2642274,,,,,
147,3.0,,,,,,,1443771.0,,,,24835.573466407,,,,,1736300613.1587782,,,,,
148,3.0,,,,,,,1460918.0,,,,24871.138580549,,,,,1736300648.7238936,,,,,
149,3.0,,,,,,,1489135.0,,,,24922.434405701,,,,,1736300700.019687,,,,,
150,3.0,,,,,,,1493389.0,,,,24931.636651296,,,,,1736300709.2219353,,,,,
151,3.0,,,,,,,1498611.0,,,,24942.599776536,,,,,1736300720.1850827,,,,,
152,3.0,,,,,,,1517022.0,,,,24973.556292622,,,,,1736300751.1415598,,,,,
153,3.0,,,,,,,1523288.0,,,,24987.976231292,,,,,1736300765.5615213,,,,,
154,3.0,,,,,,,1526577.0,,,,24994.847759035,,,,,1736300772.433066,,,,,
155,2.0,,,,,,,1534926.0,,,,25010.209244486,,,,,1736300787.7945516,,,,,
156,3.0,,,,,,,1558305.0,,,,25051.353813654,,,,,1736300828.939104,,,,,
157,3.0,,,,,,,1558902.0,,,,25052.594209535,,,,,1736300830.179492,,,,,
158,3.0,,,,,,,1591199.0,,,,25110.725854589,,,,,1736300888.3111591,,,,,
159,3.0,,,,,,,1617067.0,,,,25165.29236329,,,,,1736300942.8776634,,,,,
160,2.0,,,,,,,1631595.0,,,,25191.944883864,,,,,1736300969.5301883,,,,,
161,4.0,,,,,,,1639317.0,,,,25209.123325563,,,,,1736300986.7086375,,,,,
162,4.0,,,,,,,1644024.0,,,,25217.868829702,,,,,1736300995.4540431,,,,,
163,4.0,,,,,,,1650440.0,,,,25230.065909043,,,,,1736301007.6512053,,,,,
164,4.0,,,,,,,1664665.0,,,,25264.625892806,,,,,1736301042.2111487,,,,,
165,8.0,,,,,,,1667137.0,,,,25269.965113356,,,,,1736301047.5504184,,,,,
166,3.0,,,,,,,1671227.0,,,,25278.09723032,,,,,1736301055.6825333,,,,,
167,7.0,,,,,,,1671653.0,,,,25278.869559584,,,,,1736301056.4548535,,,,,
168,2.0,,,,,,,1675655.0,,,,25285.929198898,,,,,1736301063.5145075,,,,,
169,2.0,,,,,,,1678729.0,,,,25290.347502183,,,,,1736301067.9328105,,,,,
170,3.0,,,,,,,1689485.0,,,,25308.54846302,,,,,1736301086.1337595,,,,,
171,3.0,,,,,,,1717303.0,,,,25357.841448446,,,,,1736301135.426758,,,,,
172,3.0,,,,,,,1734514.0,,,,25389.628390468,,,,,1736301167.2136946,,,,,
173,3.0,,,,,,,1765152.0,,,,25442.734926212,,,,,1736301220.3202376,,,,,
174,3.0,,,,,,,1780718.0,,,,25474.199802955,,,,,1736301251.7851028,,,,,
175,3.0,,,,,,,1784010.0,,,,25479.827477552,,,,,1736301257.4127765,,,,,
176,3.0,,,,,,,1807064.0,,,,25521.957512004,,,,,1736301299.5428274,,,,,
177,3.0,,,,,,,1808839.0,,,,25524.922034392,,,,,1736301302.5073383,,,,,
178,2.0,,,,,,,1812661.0,,,,25531.088820604,,,,,1736301308.6741343,,,,,
179,4.0,,,,,,,1817483.0,,,,25538.976507981,,,,,1736301316.5618186,,,,,
180,2.0,,,,,,,1821231.0,,,,25545.157523376,,,,,1736301322.7428303,,,,,
181,3.0,,,,,,,1822758.0,,,,25547.663273229,,,,,1736301325.248582,,,,,
182,3.0,,,,,,,1826397.0,,,,25553.900223458,,,,,1736301331.485527,,,,,
183,3.0,,,,,,,1829206.0,,,,25558.322839125,,,,,1736301335.90815,,,,,
184,3.0,,,,,,,1843164.0,,,,25582.111515941,,,,,1736301359.6968143,,,,,
185,2.0,,,,,,,1848777.0,,,,25591.391290671,,,,,1736301368.976599,,,,,
186,5.0,,,,,,,1864506.0,,,,25628.34868902,,,,,1736301405.9339876,,,,,
187,3.0,,,,,,,1874080.0,,,,25646.750174914,,,,,1736301424.3354697,,,,,
188,4.0,,,,,,,1896896.0,,,,25686.517567291,,,,,1736301464.1028433,,,,,
189,2.0,,,,,,,1897936.0,,,,25690.07791007,,,,,1736301467.663166,,,,,
190,3.0,,,,,,,1922211.0,,,,25742.674419165,,,,,1736301520.2596567,,,,,
191,2.0,,,,,,,1928616.0,,,,25754.838698461,,,,,1736301532.424012,,,,,
192,2.0,,,,,,,1929129.0,,,,25755.474687597,,,,,1736301533.0599954,,,,,
193,2.0,,,,,,,1929363.0,,,,25755.764303031,,,,,1736301533.3496037,,,,,
194,,,0.038568417223537245,1944.0,,,,1949613.0,,1120635.0,81.0,41566.470178058,,1165590.0,,810.0,1736317344.0553808,0.0006944444444444445,44955.0,,0.9614307248425906,
195,,,0.03117603445446665,2511.0,,,,1956208.0,,1127682.0,81.0,49507.991060916,,1163970.0,,2430.0,1736325285.5762799,0.0020833333333333333,36288.0,,0.9688231064175997,
196,,,,,,,3.0,1958840.0,,,,50867.317775768,,,,,1736326644.9030795,,,,,
197,,,,,,,3.0,1963251.0,,,,50876.243488384,,,,,1736326653.8287718,,,,,
198,,,,,,,3.0,1980075.0,,,,50914.482565992,,,,,1736326692.0678797,,,,,
199,,,,,,,3.0,1982959.0,,,,50919.725982224,,,,,1736326697.3112705,,,,,
200,,,,,,,3.0,2023971.0,,,,50994.527412122,,,,,1736326772.112725,,,,,
201,,,,,,,2.0,2073195.0,,,,51083.846600653,,,,,1736326861.4319046,,,,,
202,,,,,,,3.0,2098134.0,,,,51129.617463822,,,,,1736326907.2027764,,,,,
203,,,,,,,3.0,2098586.0,,,,51130.386921264,,,,,1736326907.9722276,,,,,
204,,,,,,,3.0,2105162.0,,,,51148.167408388,,,,,1736326925.7527015,,,,,
205,,,,,,,2.0,2116582.0,,,,51191.312912834,,,,,1736326968.8981998,,,,,
206,,,,,,,3.0,2121690.0,,,,51209.891181057,,,,,1736326987.4764607,,,,,
207,,,,,,,3.0,2121947.0,,,,51210.844051256,,,,,1736326988.4293303,,,,,
208,,,,,,,4.0,2124840.0,,,,51221.531355744,,,,,1736326999.116642,,,,,
209,,,,,,,3.0,2132644.0,,,,51249.356989481,,,,,1736327026.942269,,,,,
210,,,,,,,2.0,2141099.0,,,,51279.571090404,,,,,1736327057.156364,,,,,
211,,,,,,,3.0,2145382.0,,,,51294.04815286,,,,,1736327071.6334205,,,,,
212,,,,,,,3.0,2149222.0,,,,51308.077279214,,,,,1736327085.662519,,,,,
213,,,,,,,3.0,2166062.0,,,,51358.934189632,,,,,1736327136.5194998,,,,,
214,,,,,,,2.0,2168872.0,,,,51365.159511779,,,,,1736327142.7448215,,,,,
215,,,,,,,5.0,2180818.0,,,,51388.360121849,,,,,1736327165.9454129,,,,,
216,,,,,,,3.0,2185498.0,,,,51397.390855557,,,,,1736327174.9761593,,,,,
217,,,,,,,3.0,2199930.0,,,,51422.784352732,,,,,1736327200.3696692,,,,,
218,,,,,,,2.0,2204109.0,,,,51431.722622295,,,,,1736327209.3079243,,,,,
219,,,,,,,3.0,2207244.0,,,,51437.405065453,,,,,1736327214.9903593,,,,,
220,,,,,,,5.0,2230459.0,,,,51481.268922548,,,,,1736327258.8542178,,,,,
221,,,,,,,3.0,2246914.0,,,,51512.51355405,,,,,1736327290.0988529,,,,,
222,,,,,,,4.0,2272066.0,,,,51562.154335469,,,,,1736327339.739618,,,,,
223,,,,,,,2.0,2281068.0,,,,51581.502741785,,,,,1736327359.088054,,,,,
224,,,,,,,3.0,2285948.0,,,,51591.354054649,,,,,1736327368.9393682,,,,,
225,,,,,,,3.0,2302348.0,,,,51621.386426425,,,,,1736327398.9717162,,,,,
226,,,,,,,4.0,2305805.0,,,,51627.583937631,,,,,1736327405.1692402,,,,,
227,,,,,,,3.0,2320857.0,,,,51654.091659956,,,,,1736327431.6769695,,,,,
228,,,,,,,3.0,2328578.0,,,,51671.375513802,,,,,1736327448.9608114,,,,,
229,,,,,,,2.0,2335091.0,,,,51682.525040996,,,,,1736327460.1103473,,,,,
230,,,,,,,3.0,2338853.0,,,,51689.786556224,,,,,1736327467.3718596,,,,,
231,,,,,,,3.0,2378510.0,,,,51765.108056341,,,,,1736327542.6933568,,,,,
232,,,,,,,2.0,2405640.0,,,,51818.356430832,,,,,1736327595.9417415,,,,,
233,,,,,,,2.0,2414067.0,,,,51834.990726973,,,,,1736327612.5760376,,,,,
234,,,,,,,6.0,2419781.0,,,,51846.15832547,,,,,1736327623.7436194,,,,,
235,,,,,,,3.0,2436723.0,,,,51882.522757487,,,,,1736327660.1080556,,,,,
236,,,,,,,3.0,2438257.0,,,,51884.623550404,,,,,1736327662.208856,,,,,
237,,,,,,,3.0,2442413.0,,,,51893.257332699,,,,,1736327670.8426375,,,,,
238,,,,,,,3.0,2443280.0,,,,51894.750542709,,,,,1736327672.3358529,,,,,
239,,,,,,,4.0,2443921.0,,,,51896.911999777,,,,,1736327674.4972882,,,,,
240,,,,,,,3.0,2446634.0,,,,51903.120536201,,,,,1736327680.7058454,,,,,
241,,,,,,,3.0,2480291.0,,,,51970.719169013,,,,,1736327748.30448,,,,,
242,,,,,,,3.0,2482980.0,,,,51976.265416547,,,,,1736327753.8506932,,,,,
243,,,,,,,4.0,2484009.0,,,,51977.990158324,,,,,1736327755.5754588,,,,,
244,,,,,,,4.0,2489274.0,,,,51988.832592678,,,,,1736327766.417875,,,,,
245,,,,,,,2.0,2491243.0,,,,51992.465780264,,,,,1736327770.0510948,,,,,
246,,,,,,,3.0,2526849.0,,,,52061.944422397,,,,,1736327839.5297108,,,,,
247,,,,,,,3.0,2533737.0,,,,52079.034049434,,,,,1736327856.6193242,,,,,
248,,,,,,,3.0,2549652.0,,,,52117.511862632,,,,,1736327895.0971658,,,,,
249,,,,,,,4.0,2557002.0,,,,52132.739894119,,,,,1736327910.3251736,,,,,
250,,,,,,,4.0,2563701.0,,,,52146.621836626,,,,,1736327924.2071354,,,,,
251,,,,,,,3.0,2568352.0,,,,52156.121731604,,,,,1736327933.7070348,,,,,
252,,,,,,,3.0,2584168.0,,,,52186.495686813,,,,,1736327964.080983,,,,,
253,,,,,,,2.0,2587690.0,,,,52193.504972984,,,,,1736327971.090253,,,,,
254,,,,,,,4.0,2595551.0,,,,52210.244629156,,,,,1736327987.8298872,,,,,
255,,,,,,,3.0,2600604.0,,,,52221.754146362,,,,,1736327999.3394272,,,,,
256,,,,,,,3.0,2605688.0,,,,52231.861918524,,,,,1736328009.4471807,,,,,
257,,,,,,,3.0,2608312.0,,,,52237.227204025,,,,,1736328014.8125103,,,,,
258,,,,,,,3.0,2622420.0,,,,52263.461659333,,,,,1736328040.8084545,,,,,
259,,,,,,,3.0,2668183.0,,,,52347.621141968,,,,,1736328125.206456,,,,,
260,,,,,,,4.0,2668307.0,,,,52347.835232062,,,,,1736328125.4205246,,,,,
261,,,,,,,3.0,2683240.0,,,,52374.717896524,,,,,1736328152.3032086,,,,,
262,,,,,,,3.0,2685633.0,,,,52378.692282345,,,,,1736328156.277581,,,,,
263,,,,,,,3.0,2688813.0,,,,52384.553223522,,,,,1736328162.1384993,,,,,
264,,,,,,,2.0,2691771.0,,,,52389.582540426,,,,,1736328167.1678467,,,,,
265,,,,,,,3.0,2693014.0,,,,52391.603647034,,,,,1736328169.188957,,,,,
266,,,,,,,3.0,2695600.0,,,,52396.897432874,,,,,1736328174.4827461,,,,,
267,,,,,,,4.0,2708408.0,,,,52419.132940419,,,,,1736328196.7182393,,,,,
268,,,,,,,2.0,2714891.0,,,,52434.441824192,,,,,1736328212.0271347,,,,,
269,,,,,,,3.0,2723708.0,,,,52452.087867881,,,,,1736328229.6731763,,,,,
270,,,,,,,3.0,2741819.0,,,,52485.551877862,,,,,1736328263.137189,,,,,
271,,,,,,,3.0,2758118.0,,,,52514.448433746,,,,,1736328292.0337465,,,,,
272,,,,,,,3.0,2761071.0,,,,52519.749870479,,,,,1736328297.3351626,,,,,
273,,,,,,,5.0,2763825.0,,,,52525.505393491,,,,,1736328303.0906973,,,,,
274,,,,,,,3.0,2800680.0,,,,52592.414692989,,,,,1736328369.9999897,,,,,
275,,,,,,,3.0,2817045.0,,,,52623.69703575,,,,,1736328401.282329,,,,,
276,,,,,,,2.0,2848110.0,,,,52713.505534542,,,,,1736328491.090827,,,,,
277,,,0.03325677238033557,2349.0,,,,2861649.0,,1125495.0,81.0,70142.737143299,,1164213.0,,2187.0,1736345920.3223693,0.001875,38718.0,,0.9667423686710519,
278,,,0.03455225065552032,2268.0,,,,2863511.0,,1124847.0,81.0,72263.370534689,,1165104.0,,1296.0,1736348040.9556987,0.0011111111111111111,40257.0,,0.9654468910527377,
279,,,,,,,,2895086.0,,,,79922.682399733,,,3.0,,1736355700.2676826,,,,,
280,,,,,,,,2911380.0,,,,79957.336772052,,,3.0,,1736355734.9220757,,,,,
281,,,,,,,,2917219.0,,,,79968.996346779,,,3.0,,1736355746.5816455,,,,,
282,,,,,,,,2919240.0,,,,79973.067521716,,,3.0,,1736355750.6528282,,,,,
283,,,,,,,,2923291.0,,,,79979.743846402,,,3.0,,1736355757.329156,,,,,
284,,,,,,,,2924923.0,,,,79982.596538546,,,3.0,,1736355760.181849,,,,,
285,,,,,,,,2937663.0,,,,80006.118037712,,,3.0,,1736355783.7033184,,,,,
286,,,,,,,,2988597.0,,,,80154.988965446,,,3.0,,1736355932.5742075,,,,,
287,,,,,,,,3011398.0,,,,80209.621836987,,,3.0,,1736355987.2071128,,,,,
288,,,,,,,,3015317.0,,,,80216.424273426,,,2.0,,1736355994.0095818,,,,,
289,,,,,,,,3017203.0,,,,80219.611023519,,,3.0,,1736355997.1963286,,,,,
290,,,,,,,,3024866.0,,,,80233.054689566,,,4.0,,1736356010.6399918,,,,,
291,,,,,,,,3025126.0,,,,80233.549099429,,,4.0,,1736356011.1344008,,,,,
292,,,,,,,,3051232.0,,,,80285.171507281,,,4.0,,1736356062.7568107,,,,,
293,,,,,,,,3058778.0,,,,80297.844361763,,,2.0,,1736356075.429674,,,,,
294,,,,,,,,3062190.0,,,,80303.664287157,,,2.0,,1736356081.249594,,,,,
295,,,,,,,,3066889.0,,,,80313.916694459,,,3.0,,1736356091.5019844,,,,,
296,,,,,,,,3078973.0,,,,80355.731774427,,,3.0,,1736356133.317074,,,,,
297,,,,,,,,3085494.0,,,,80369.878883593,,,3.0,,1736356147.4641812,,,,,
298,,,,,,,,3090245.0,,,,80378.846866447,,,3.0,,1736356156.4321678,,,,,
299,,,,,,,,3103408.0,,,,80400.383083587,,,3.0,,1736356177.9683676,,,,,
300,,,,,,,,3106147.0,,,,80407.465429875,,,3.0,,1736356185.0507226,,,,,
301,,,,,,,,3114101.0,,,,80422.841495134,,,3.0,,1736356200.426804,,,,,
302,,,,,,,,3121292.0,,,,80438.322882008,,,3.0,,1736356215.9081874,,,,,
303,,,,,,,,3123882.0,,,,80442.711767074,,,3.0,,1736356220.2970796,,,,,
304,,,,,,,,3136308.0,,,,80470.036713707,,,3.0,,1736356247.6220222,,,,,
305,,,,,,,,3219626.0,,,,80631.711156151,,,3.0,,1736356409.2964666,,,,,
306,,,,,,,,3256107.0,,,,80699.370393187,,,2.0,,1736356476.9557028,,,,,
307,,,,,,,,3258762.0,,,,80703.898220333,,,3.0,,1736356481.483522,,,,,
308,,,,,,,,3268949.0,,,,80721.858019261,,,3.0,,1736356499.4433272,,,,,
309,,,,,,,,3311190.0,,,,80818.362076452,,,8.0,,1736356595.9473746,,,,,
310,,,,,,,,3314919.0,,,,80827.637679354,,,8.0,,1736356605.2229836,,,,,
311,,,,,,,,3317457.0,,,,80834.386942181,,,7.0,,1736356611.9722266,,,,,
312,,,,,,,,3318242.0,,,,80838.034488011,,,7.0,,1736356615.6197495,,,,,
313,,,,,,,,3318771.0,,,,80839.342504877,,,6.0,,1736356616.9277766,,,,,
314,,,,,,,,3325242.0,,,,80853.669917656,,,7.0,,1736356631.255227,,,,,
315,,,,,,,,3343436.0,,,,80889.455713107,,,5.0,,1736356667.0410225,,,,,
316,,,,,,,,3346132.0,,,,80894.030008724,,,5.0,,1736356671.6153195,,,,,
317,,,,,,,,3365425.0,,,,80923.986795565,,,3.0,,1736356701.5720963,,,,,
318,,,,,,,,3390736.0,,,,80960.530778829,,,2.0,,1736356738.11606,,,,,
319,,,,,,,,3410491.0,,,,80997.350855644,,,3.0,,1736356774.9361587,,,,,
320,,,,,,,,3413409.0,,,,81002.142241581,,,2.0,,1736356779.7275455,,,,,
321,,,,,,,,3414521.0,,,,81003.969950514,,,3.0,,1736356781.5552475,,,,,
322,,,,,,,,3418949.0,,,,81011.361906615,,,3.0,,1736356788.947212,,,,,
323,,,,,,,,3432594.0,,,,81034.106817995,,,3.0,,1736356811.6921232,,,,,
324,,,,,,,,3434353.0,,,,81037.013520942,,,3.0,,1736356814.5988307,,,,,
325,,,,,,,,3448215.0,,,,81062.345175474,,,2.0,,1736356839.930479,,,,,
326,,,,,,,,3464064.0,,,,81089.185444888,,,3.0,,1736356866.770758,,,,,
327,,,,,,,,3469605.0,,,,81098.149484761,,,3.0,,1736356875.7347791,,,,,
328,,,,,,,,3495132.0,,,,81145.0169441,,,3.0,,1736356922.6022532,,,,,
329,,,,,,,,3501857.0,,,,81163.550068425,,,3.0,,1736356941.1353474,,,,,
330,,,,,,,,3509496.0,,,,81190.907016006,,,3.0,,1736356968.492295,,,,,
331,,,,,,,,3512513.0,,,,81202.203961033,,,4.0,,1736356979.7892585,,,,,
332,,,,,,,,3536897.0,,,,81262.364220666,,,2.0,,1736357039.9495263,,,,,
333,,,,,,,,3584350.0,,,,81352.632193514,,,4.0,,1736357130.217498,,,,,
334,,,,,,,,3587824.0,,,,81358.111343394,,,3.0,,1736357135.6966548,,,,,
335,,,,,,,,3612875.0,,,,81400.855276702,,,3.0,,1736357178.4405525,,,,,
336,,,,,,,,3626375.0,,,,81426.660014178,,,3.0,,1736357204.2452981,,,,,
337,,,,,,,,3659986.0,,,,81489.865757849,,,4.0,,1736357267.4510686,,,,,
338,,,,,,,,3667632.0,,,,81505.039400481,,,3.0,,1736357282.624693,,,,,
339,,,,,,,,3702173.0,,,,81566.299528577,,,2.0,,1736357343.8848333,,,,,
340,,,,,,,,3730170.0,,,,81621.835021646,,,3.0,,1736357399.4203305,,,,,
341,,,,,,,,3750322.0,,,,81658.108571464,,,3.0,,1736357435.6938708,,,,,
342,,,,,,,,3764930.0,,,,81686.113655708,,,3.0,,1736357463.698971,,,,,
343,,,,,,,,3786133.0,,,,81724.488197373,,,3.0,,1736357502.0735083,,,,,
344,,,0.04632905661153978,1620.0,,,,3814622.0,,1112130.0,81.0,96469.235910116,,1166157.0,,243.0,1736372246.8211272,0.00020833333333333335,54027.0,,0.9536700858717257,
345,,,0.045745233262238165,1701.0,,,,3829569.0,,1111806.0,81.0,111554.795362154,,1165104.0,,1296.0,1736387332.3805838,0.0011111111111111111,53298.0,,0.9542539084460199,
346,,,,,,,,3842827.0,,,,124968.437227377,,,,,1736400746.022537,,,,,3.0
347,,,,,,,,3845250.0,,,,124972.386137004,,,,,1736400749.892687,,,,,2.0
348,,,,,,,,3854878.0,,,,124988.431372623,,,,,1736400766.0166786,,,,,5.0
349,,,,,,,,3885669.0,,,,125037.880131041,,,,,1736400815.4654055,,,,,4.0
350,,,,,,,,3897806.0,,,,125057.912621804,,,,,1736400835.4979339,,,,,3.0
351,,,,,,,,3898772.0,,,,125059.514291743,,,,,1736400837.0995677,,,,,3.0
352,,,,,,,,3899785.0,,,,125061.285374529,,,,,1736400838.8706882,,,,,3.0
353,,,,,,,,3903378.0,,,,125066.709272381,,,,,1736400844.2945354,,,,,3.0
354,,,,,,,,3919214.0,,,,125092.407282114,,,,,1736400869.9237895,,,,,3.0
355,,,,,,,,3937837.0,,,,125122.345249139,,,,,1736400899.7155154,,,,,2.0
356,,,,,,,,3943034.0,,,,125130.398246737,,,,,1736400907.9835563,,,,,3.0
357,,,,,,,,3958886.0,,,,125155.387527846,,,,,1736400932.9728441,,,,,3.0
358,,,,,,,,3961110.0,,,,125158.734884082,,,,,1736400936.3201194,,,,,3.0
359,,,,,,,,3963595.0,,,,125162.683179031,,,,,1736400940.2684693,,,,,3.0
360,,,,,,,,4023168.0,,,,125258.544441891,,,,,1736401036.1297543,,,,,4.0
361,,,,,,,,4029293.0,,,,125268.292048401,,,,,1736401045.8773274,,,,,3.0
362,,,,,,,,4035160.0,,,,125278.170615818,,,,,1736401055.7558966,,,,,3.0
363,,,,,,,,4043838.0,,,,125292.675360613,,,,,1736401070.2606704,,,,,3.0
364,,,,,,,,4066920.0,,,,125329.377660193,,,,,1736401106.9629364,,,,,3.0
365,,,,,,,,4068487.0,,,,125332.327743401,,,,,1736401109.791904,,,,,5.0
366,,,,,,,,4082297.0,,,,125355.577726291,,,,,1736401133.1629932,,,,,4.0
367,,,,,,,,4102743.0,,,,125389.305071604,,,,,1736401166.8903782,,,,,3.0
368,,,,,,,,4104874.0,,,,125392.877672247,,,,,1736401170.4629867,,,,,2.0
369,,,,,,,,4110782.0,,,,125402.883108471,,,,,1736401180.468383,,,,,2.0
370,,,,,,,,4111523.0,,,,125403.849405938,,,,,1736401181.434715,,,,,3.0
371,,,,,,,,4111657.0,,,,125404.056840507,,,,,1736401181.6421466,,,,,3.0
372,,,,,,,,4112040.0,,,,125404.637075211,,,,,1736401182.2223742,,,,,3.0
373,,,,,,,,4123567.0,,,,125423.383965786,,,,,1736401200.9692733,,,,,4.0
374,,,,,,,,4126910.0,,,,125428.397852275,,,,,1736401205.9831207,,,,,2.0
375,,,,,,,,4136331.0,,,,125443.623246328,,,,,1736401221.2085254,,,,,3.0
376,,,,,,,,4136686.0,,,,125444.189908773,,,,,1736401221.7751822,,,,,3.0
377,,,,,,,,4136818.0,,,,125444.411518688,,,,,1736401221.9968283,,,,,3.0
378,,,,,,,,4149432.0,,,,125464.889025229,,,,,1736401242.474293,,,,,3.0
379,,,,,,,,4153300.0,,,,125471.170732459,,,,,1736401248.7559986,,,,,3.0
380,,,,,,,,4155421.0,,,,125474.808196084,,,,,1736401252.3934429,,,,,3.0
381,,,,,,,,4172393.0,,,,125502.20672521,,,,,1736401279.792,,,,,2.0
382,,,,,,,,4192504.0,,,,125533.473292149,,,,,1736401311.0585642,,,,,2.0
383,,,,,,,,4216887.0,,,,125573.889933474,,,,,1736401351.4752388,,,,,3.0
384,,,,,,,,4226741.0,,,,125589.94032099,,,,,1736401367.5256367,,,,,2.0
385,,,,,,,,4227209.0,,,,125590.635340403,,,,,1736401368.220655,,,,,2.0
386,,,,,,,,4264840.0,,,,125652.897073954,,,,,1736401430.4823866,,,,,3.0
387,,,,,,,,4267770.0,,,,125657.768901254,,,,,1736401435.354205,,,,,6.0
388,,,,,,,,4276317.0,,,,125672.599797437,,,,,1736401450.185108,,,,,5.0
389,,,,,,,,4280162.0,,,,125678.313690994,,,,,1736401455.8990085,,,,,3.0
390,,,,,,,,4295750.0,,,,125703.339446171,,,,,1736401480.9247606,,,,,3.0
391,,,,,,,,4301975.0,,,,125713.506978971,,,,,1736401491.092262,,,,,2.0
392,,,,,,,,4307047.0,,,,125721.382142633,,,,,1736401498.9674144,,,,,2.0
393,,,,,,,,4329526.0,,,,125757.300857601,,,,,1736401534.886155,,,,,3.0
394,,,,,,,,4333639.0,,,,125763.698384122,,,,,1736401541.2836685,,,,,3.0
395,,,,,,,,4352344.0,,,,125793.569886248,,,,,1736401571.1551614,,,,,3.0
396,,,,,,,,4353677.0,,,,125795.699119798,,,,,1736401573.2843976,,,,,3.0
397,,,,,,,,4356382.0,,,,125800.022787503,,,,,1736401577.6080928,,,,,3.0
398,,,,,,,,4369993.0,,,,125823.308955512,,,,,1736401600.8942306,,,,,3.0
399,,,,,,,,4378858.0,,,,125837.183896655,,,,,1736401614.7692053,,,,,2.0
400,,,,,,,,4408197.0,,,,125883.666573793,,,,,1736401661.251885,,,,,2.0
401,,,,,,,,4417364.0,,,,125899.247880635,,,,,1736401676.8331513,,,,,2.0
402,,,,,,,,4427100.0,,,,125914.64278092,,,,,1736401692.2280629,,,,,2.0
403,,,,,,,,4431110.0,,,,125921.05317658,,,,,1736401698.638492,,,,,3.0
404,,,,,,,,4446597.0,,,,125946.200992749,,,,,1736401723.7862792,,,,,3.0
405,,,,,,,,4451024.0,,,,125953.332206195,,,,,1736401730.9174738,,,,,3.0
406,,,,,,,,4457334.0,,,,125963.509841081,,,,,1736401741.0951524,,,,,3.0
407,,,,,,,,4483224.0,,,,126006.29279466,,,,,1736401783.878063,,,,,4.0
408,,,,,,,,4484066.0,,,,126007.738551093,,,,,1736401785.323862,,,,,4.0
409,,,,,,,,4492553.0,,,,126021.056642427,,,,,1736401798.6419187,,,,,3.0
410,,,,,,,,4501767.0,,,,126036.511455022,,,,,1736401814.0967705,,,,,2.0
411,,,,,,,,4511903.0,,,,126053.934087644,,,,,1736401831.5193481,,,,,3.0
412,,,,,,,,4514629.0,,,,126064.58074505,,,,,1736401842.166037,,,,,3.0
413,,,,,,,,4537045.0,,,,126112.617501816,,,,,1736401890.1934855,,,,,2.0
414,,,,,,,,4542318.0,,,,126121.092734679,,,,,1736401898.6780431,,,,,3.0
415,,,,,,,,4560450.0,,,,126151.742886452,,,,,1736401929.3281846,,,,,3.0
416,,,,,,,,4565572.0,,,,126159.811287181,,,,,1736401937.3965964,,,,,3.0
417,,,,,,,,4566705.0,,,,126161.608651248,,,,,1736401939.1939292,,,,,3.0
418,,,,,,,,4577737.0,,,,126179.462622746,,,,,1736401957.0479002,,,,,3.0
419,,,,,,,,4578916.0,,,,126181.353863709,,,,,1736401958.9391305,,,,,4.0
420,,,,,,,,4591156.0,,,,126201.528869319,,,,,1736401979.1141567,,,,,2.0
421,,,,,,,,4603468.0,,,,126222.488220745,,,,,1736402000.073502,,,,,2.0
422,,,,,,,,4612788.0,,,,126236.824983443,,,,,1736402014.4102995,,,,,3.0
423,,,,,,,,4621215.0,,,,126250.264060141,,,,,1736402027.8493397,,,,,3.0
424,,,0.04116825394645002,1863.0,,,,4624941.0,,1116828.0,81.0,128144.7501054,,1164780.0,,1620.0,1736403922.3353343,0.001388888888888889,47952.0,,0.9588308875230622,
425,,,0.03229395888844303,2430.0,,,,4637086.0,,1126224.0,81.0,141274.370867583,,1163808.0,,2592.0,1736417051.9560657,0.0022222222222222222,37584.0,,0.9677051818640344,
426,,,0.034782578823335415,2187.0,,,,4649518.0,,1123875.0,81.0,157163.689539508,,1164375.0,,2025.0,1736432941.2747862,0.001736111111111111,40500.0,,0.9652165623475578,
427,,,0.04375603971398658,1863.0,,,,4658947.0,,1115208.0,81.0,168355.403591853,,1166238.0,,162.0,1736444132.98882,0.0001388888888888889,51030.0,,0.956243102828837,
428,,,0.03905757994354403,2025.0,,,,4660580.0,,1119987.0,81.0,170235.055294404,,1165509.0,,891.0,1736446012.6404564,0.0007638888888888889,45522.0,,0.9609415620629596,
429,,,0.03353973877455646,2187.0,,,,4665468.0,,1125009.0,81.0,177263.548612507,,1164051.0,,2349.0,1736453041.133839,0.002013888888888889,39042.0,,0.966459402157292,
430,,,0.033330985213718974,2349.0,,,,4667898.0,,1125252.0,81.0,180414.224040425,,1164051.0,,2349.0,1736456191.809249,0.002013888888888889,38799.0,,0.9666681557181295,
431,,,0.03826917124191525,2025.0,,,,4711483.0,,1121607.0,81.0,234215.571270223,,1166238.0,,162.0,1736509993.1563113,0.0001388888888888889,44631.0,,0.9617299713009083,
432,,,0.05498778735755493,1377.0,,,,4714590.0,,1101114.0,81.0,238872.567988928,,1165185.0,,1215.0,1736514650.153154,0.0010416666666666667,64071.0,,0.9450113544103688,
433,,,0.03565468166657943,2187.0,,,,4717146.0,,1123875.0,81.0,242059.512095259,,1165428.0,,972.0,1736517837.0971496,0.0008333333333333334,41553.0,,0.9643444602802916,
434,,4.0,,,,,,4726229.0,,,,249810.50244373,,,,,1736525588.074785,,,,,
435,,3.0,,,,,,4730990.0,,,,249820.564345377,,,,,1736525598.149672,,,,,
436,,3.0,,,,,,4732991.0,,,,249824.36986428,,,,,1736525601.9551256,,,,,
437,,3.0,,,,,,4739637.0,,,,249840.653324071,,,,,1736525618.2385745,,,,,
438,,2.0,,,,,,4754892.0,,,,249875.487520437,,,,,1736525653.0728369,,,,,
439,,3.0,,,,,,4759023.0,,,,249881.870228691,,,,,1736525659.455495,,,,,
440,,2.0,,,,,,4765278.0,,,,249894.88649492,,,,,1736525672.4717994,,,,,
441,,4.0,,,,,,4796556.0,,,,249963.158275643,,,,,1736525740.743526,,,,,
442,,4.0,,,,,,4815324.0,,,,250001.076167642,,,,,1736525778.661403,,,,,
443,,4.0,,,,,,4821231.0,,,,250013.071561117,,,,,1736525790.6568387,,,,,
444,,3.0,,,,,,4871238.0,,,,250119.995970687,,,,,1736525897.581219,,,,,
445,,3.0,,,,,,4879675.0,,,,250139.311373696,,,,,1736525916.896698,,,,,
446,,5.0,,,,,,4882763.0,,,,250147.353748153,,,,,1736525924.9390447,,,,,
447,,2.0,,,,,,4909060.0,,,,250198.620252265,,,,,1736525976.205542,,,,,
448,,4.0,,,,,,4917357.0,,,,250215.969214455,,,,,1736525993.554507,,,,,
449,,2.0,,,,,,4922080.0,,,,250225.253321512,,,,,1736526002.838592,,,,,
450,,4.0,,,,,,4936066.0,,,,250253.727468095,,,,,1736526031.3127863,,,,,
451,,2.0,,,,,,4940663.0,,,,250264.260451176,,,,,1736526041.8457303,,,,,
452,,5.0,,,,,,4944527.0,,,,250271.980921234,,,,,1736526049.5661817,,,,,
453,,5.0,,,,,,4951021.0,,,,250286.318489802,,,,,1736526063.903806,,,,,
454,,3.0,,,,,,4959583.0,,,,250304.960474059,,,,,1736526082.5457866,,,,,
455,,3.0,,,,,,4962015.0,,,,250309.860489634,,,,,1736526087.4457853,,,,,
456,,3.0,,,,,,4964953.0,,,,250315.80117619,,,,,1736526093.386476,,,,,
457,,3.0,,,,,,4969043.0,,,,250324.001336525,,,,,1736526101.5866115,,,,,
458,,3.0,,,,,,4986800.0,,,,250362.113513731,,,,,1736526139.6988413,,,,,
459,,3.0,,,,,,5011221.0,,,,250412.787030496,,,,,1736526190.372301,,,,,
460,,7.0,,,,,,5023233.0,,,,250439.137563127,,,,,1736526216.7228901,,,,,
461,,3.0,,,,,,5026262.0,,,,250445.173386849,,,,,1736526222.7587042,,,,,
462,,2.0,,,,,,5046227.0,,,,250490.0754146,,,,,1736526267.6606977,,,,,
463,,4.0,,,,,,5063004.0,,,,250525.550679842,,,,,1736526303.1359253,,,,,
464,,4.0,,,,,,5065695.0,,,,250533.133134973,,,,,1736526310.7183933,,,,,
465,,3.0,,,,,,5069625.0,,,,250541.787232439,,,,,1736526319.3724968,,,,,
466,,7.0,,,,,,5102415.0,,,,250612.041152719,,,,,1736526389.626427,,,,,
467,,3.0,,,,,,5131819.0,,,,250675.917065671,,,,,1736526453.5023687,,,,,
468,,4.0,,,,,,5141777.0,,,,250696.324893492,,,,,1736526473.9101603,,,,,
469,,2.0,,,,,,5155782.0,,,,250729.691954307,,,,,1736526507.2772162,,,,,
470,,4.0,,,,,,5174181.0,,,,250767.196432909,,,,,1736526544.7817063,,,,,
471,,3.0,,,,,,5191468.0,,,,250811.633375075,,,,,1736526589.2187018,,,,,
472,,3.0,,,,,,5202404.0,,,,250835.672737259,,,,,1736526613.2580237,,,,,
473,,3.0,,,,,,5211670.0,,,,250854.41936883,,,,,1736526632.004695,,,,,
474,,4.0,,,,,,5227862.0,,,,250886.202362644,,,,,1736526663.7876875,,,,,
475,,3.0,,,,,,5235450.0,,,,250902.62319891,,,,,1736526680.2084954,,,,,
476,,4.0,,,,,,5252341.0,,,,250938.008309316,,,,,1736526715.5935235,,,,,
477,,3.0,,,,,,5255408.0,,,,250944.425338433,,,,,1736526722.0106628,,,,,
478,,2.0,,,,,,5267582.0,,,,250968.648324014,,,,,1736526746.233637,,,,,
479,,6.0,,,,,,5274371.0,,,,250983.40160708,,,,,1736526760.986894,,,,,
480,,4.0,,,,,,5298322.0,,,,251031.925462435,,,,,1736526809.5107543,,,,,
481,,4.0,,,,,,5304615.0,,,,251045.338476741,,,,,1736526822.9237802,,,,,
482,,5.0,,,,,,5312376.0,,,,251061.754441803,,,,,1736526839.339749,,,,,
483,,3.0,,,,,,5319005.0,,,,251075.845129514,,,,,1736526853.4303823,,,,,
484,,3.0,,,,,,5345100.0,,,,251131.328835758,,,,,1736526908.9141197,,,,,
485,,4.0,,,,,,5362894.0,,,,251168.455835405,,,,,1736526946.0409672,,,,,
486,,4.0,,,,,,5371035.0,,,,251186.15770049,,,,,1736526963.7429714,,,,,
487,,2.0,,,,,,5385794.0,,,,251216.047741251,,,,,1736526993.6329987,,,,,
488,,3.0,,,,,,5397187.0,,,,251239.557850615,,,,,1736527017.1431153,,,,,
489,,3.0,,,,,,5407756.0,,,,251262.545914931,,,,,1736527040.1312156,,,,,
490,,3.0,,,,,,5455548.0,,,,251365.537496587,,,,,1736527143.12278,,,,,
491,,3.0,,,,,,5458688.0,,,,251371.964165301,,,,,1736527149.549436,,,,,
492,,2.0,,,,,,5459273.0,,,,251373.00024188,,,,,1736527150.585542,,,,,
493,,3.0,,,,,,5469509.0,,,,251394.463060137,,,,,1736527172.048352,,,,,
494,,3.0,,,,,,5478736.0,,,,251416.666680359,,,,,1736527194.2519534,,,,,
495,,3.0,,,,,,5495331.0,,,,251450.053210978,,,,,1736527227.6384547,,,,,
496,,2.0,,,,,,5507915.0,,,,251475.59320546,,,,,1736527253.178478,,,,,
497,,2.0,,,,,,5508475.0,,,,251476.649189641,,,,,1736527254.2344525,,,,,
498,,4.0,,,,,,5524272.0,,,,251508.646348978,,,,,1736527286.231601,,,,,
499,,4.0,,,,,,5525551.0,,,,251511.905987967,,,,,1736527289.4911754,,,,,
